{
  "artisan": {
    "cost": {
      "treasure": 6
    },
    "type": [
      "ACTION"
    ],
    "abilityText": "Gain a card to your hand costing up to 5 Treasure.\nPut a card from your hand onto your deck.",
    "cardName": "Artisan"
  },
  "bandit": {
    "cost": {
      "treasure": 5
    },
    "type": [
      "ACTION",
      "ATTACK"
    ],
    "targetScheme": "ALL_OTHER",
    "abilityText": "Gain a Gold. Each other player reveals the top 2 cards of their deck, trashes a revealed Treasure other than Copper, and discards the rest.",
    "cardName": "Bandit"
  },
  "bureaucrat": {
    "cost": {
      "treasure": 4
    },
    "type": [
      "ACTION",
      "ATTACK"
    ],
    "targetScheme": "ALL_OTHER",
    "abilityText": "Gain a Silver onto your deck. Each other player reveals a Victory card from their hand and puts it onto their deck (or reveals a hand with no Victory cards).",
    "cardName": "Bureaucrat"
  },
  "cellar": {
    "cost": {
      "treasure": 2
    },
    "type": [
      "ACTION"
    ],
    "abilityText": "+1 Action\nDiscard any number of cards. +1 Card per card discarded.",
    "cardName": "Cellar"
  },
  "chapel": {
    "cost": {
      "treasure": 2
    },
    "type": [
      "ACTION"
    ],
    "abilityText": "Trash up to 4 cards from your hand.",
    "cardName": "Chapel"
  },
  "council-room": {
    "cost": {
      "treasure": 5
    },
    "type": [
      "ACTION"
    ],
    "abilityText": "+4 Cards\n+1 Buy\nEach other player draws a card.",
    "cardName": "Council Room"
  },
  "festival": {
    "cost": {
      "treasure": 5
    },
    "type": [
      "ACTION"
    ],
    "abilityText": "+2 Actions\n+1 Buy\n+2 Treasure",
    "cardName": "Festival"
  },
  "gardens": {
    "victoryPoints": 0,
    "cost": {
      "treasure": 4
    },
    "type": [
      "VICTORY"
    ],
    "abilityText": "Worth 1 Victory for every 10 cards in your deck rounded down.",
    "cardName": "Gardens"
  },
  "harbinger": {
    "type": [
      "ACTION"
    ],
    "cost": {
      "treasure": 3
    },
    "abilityText": "+1 Card\n+1 Action\nLook through your discard pile. You may put a card from it onto your deck.",
    "cardName": "Harbinger"
  },
  "laboratory": {
    "cost": {
      "treasure": 5
    },
    "type": [
      "ACTION"
    ],
    "abilityText": "+2 Cards\n+1 Action",
    "cardName": "Laboratory"
  },
  "library": {
    "cost": {
      "treasure": 5
    },
    "type": [
      "ACTION"
    ],
    "abilityText": "Draw until you have 7 cards in hand, skipping any Action cards you choose to; set those aside, discarding them afterward.",
    "cardName": "Library"
  },
  "market": {
    "cost": {
      "treasure": 5
    },
    "type": [
      "ACTION"
    ],
    "abilityText": "+1 Card\n+1 Action\n+1 Buy\n+1 Treasure",
    "cardName": "Market"
  },
  "merchant": {
    "cost": {
      "treasure": 3
    },
    "type": [
      "ACTION"
    ],
    "abilityText": "+1 Card\n+1 Action\nThe first time you play a Silver this turn, +1 Treasure.",
    "cardName": "Merchant"
  },
  "militia": {
    "cost": {
      "treasure": 4
    },
    "type": [
      "ACTION",
      "ATTACK"
    ],
    "targetScheme": "ALL_OTHER",
    "abilityText": "+2 Treasure\nEach other player discards down to 3 cards in hand.",
    "cardName": "Militia"
  },
  "mine": {
    "cost": {
      "treasure": 5
    },
    "type": [
      "ACTION"
    ],
    "abilityText": "You may trash a Treasure from your hand. Gain a Treasure to your hand costing up to 3 Treasure more than it.",
    "cardName": "Mine"
  },
  "moat": {
    "cost": {
      "treasure": 2
    },
    "type": [
      "ACTION",
      "REACTION"
    ],
    "abilityText": "+2 Cards\n--------------\nWhen another player plays an Attack card, you may first reveal this from your hand, to be unaffected by it.",
    "cardName": "Moat"
  },
  "moneylender": {
    "cost": {
      "treasure": 4
    },
    "type": [
      "ACTION"
    ],
    "abilityText": "You may trash a Copper from your hand for +3 Treasure.",
    "cardName": "Moneylender"
  },
  "poacher": {
    "cost": {
      "treasure": 4
    },
    "type": [
      "ACTION"
    ],
    "abilityText": "+1 Card\n+1 Action\n+1 Treasure\nDiscard a card per empty Supply pile.",
    "cardName": "Poacher"
  },
  "remodel": {
    "cost": {
      "treasure": 4
    },
    "type": [
      "ACTION"
    ],
    "abilityText": "Trash a card from your hand. Gain a card costing up to 2 Treasure more than it.",
    "cardName": "Remodel"
  },
  "sentry": {
    "cost": {
      "treasure": 5
    },
    "type": [
      "ACTION"
    ],
    "abilityText": "+1 Card\n+1 Action\nLook at the top 2 cards of your deck. Trash and/or discard any number of them. Put the rest back on top in any order.",
    "cardName": "Sentry"
  },
  "smithy": {
    "cost": {
      "treasure": 4
    },
    "type": [
      "ACTION"
    ],
    "abilityText": "+3 Cards",
    "cardName": "Smithy"
  },
  "throne-room": {
    "cost": {
      "treasure": 4
    },
    "type": [
      "ACTION"
    ],
    "abilityText": "You may play an Action card from your hand twice.",
    "cardName": "Throne Room"
  },
  "vassal": {
    "cost": {
      "treasure": 3
    },
    "type": [
      "ACTION"
    ],
    "abilityText": "+2 Treasure\nDiscard the top card of your deck. If it's an Action card, you may play it.",
    "cardName": "Vassal"
  },
  "village": {
    "cost": {
      "treasure": 3
    },
    "type": [
      "ACTION"
    ],
    "abilityText": "+1 Card\n+2 Actions",
    "cardName": "Village"
  },
  "witch": {
    "cost": {
      "treasure": 5
    },
    "type": [
      "ACTION", "ATTACK"
    ],
    "targetScheme": "ALL_OTHER",
    "abilityText": "+2 Cards\nEach other player gains a Curse.",
    "cardName": "Witch"
  },
  "workshop": {
    "cost": {
      "treasure": 3
    },
    "type": [
      "ACTION"
    ],
    "abilityText": "Gain a card costing up to 4 Treasure.",
    "cardName": "Workshop"
  }
}